{
  "__type__": "cc.SpriteFrame",
  "content": {
    "name": "popup_pause",
    "atlas": "",
    "rect": {
      "x": 0,
      "y": 0,
      "width": 473,
      "height": 679
    },
    "offset": {
      "x": -9.5,
      "y": 0
    },
    "originalSize": {
      "width": 492,
      "height": 679
    },
    "rotated": false,
    "capInsets": [
      0,
      0,
      0,
      0
    ],
    "vertices": {
      "rawPosition": [
        -236.5,
        -339.5,
        0,
        236.5,
        -339.5,
        0,
        -236.5,
        339.5,
        0,
        236.5,
        339.5,
        0
      ],
      "indexes": [
        0,
        1,
        2,
        2,
        1,
        3
      ],
      "uv": [
        0,
        679,
        473,
        679,
        0,
        0,
        473,
        0
      ],
      "nuv": [
        0,
        0,
        0.9613821138211383,
        0,
        0,
        1,
        0.9613821138211383,
        1
      ],
      "minPos": {
        "x": -236.5,
        "y": -339.5,
        "z": 0
      },
      "maxPos": {
        "x": 236.5,
        "y": 339.5,
        "z": 0
      }
    },
    "texture": "406cd057-6926-41b0-a641-dc0cc82dc66b@6c48a",
    "packable": true,
    "pixelsToUnit": 100,
    "pivot": {
      "x": 0.5,
      "y": 0.5
    },
    "meshType": 0
  }
}