{
  "__type__": "cc.SpriteFrame",
  "content": {
    "name": "btn_menu",
    "atlas": "",
    "rect": {
      "x": 6,
      "y": 3,
      "width": 273,
      "height": 91
    },
    "offset": {
      "x": 0,
      "y": -1
    },
    "originalSize": {
      "width": 285,
      "height": 95
    },
    "rotated": false,
    "capInsets": [
      0,
      0,
      0,
      0
    ],
    "vertices": {
      "rawPosition": [
        -136.5,
        -45.5,
        0,
        136.5,
        -45.5,
        0,
        -136.5,
        45.5,
        0,
        136.5,
        45.5,
        0
      ],
      "indexes": [
        0,
        1,
        2,
        2,
        1,
        3
      ],
      "uv": [
        6,
        92,
        279,
        92,
        6,
        1,
        279,
        1
      ],
      "nuv": [
        0.021052631578947368,
        0.010526315789473684,
        0.9789473684210527,
        0.010526315789473684,
        0.021052631578947368,
        0.968421052631579,
        0.9789473684210527,
        0.968421052631579
      ],
      "minPos": {
        "x": -136.5,
        "y": -45.5,
        "z": 0
      },
      "maxPos": {
        "x": 136.5,
        "y": 45.5,
        "z": 0
      }
    },
    "texture": "2c5df4bf-2e33-4f28-b1f8-bea7bc3fcb75@6c48a",
    "packable": true,
    "pixelsToUnit": 100,
    "pivot": {
      "x": 0.5,
      "y": 0.5
    },
    "meshType": 0
  }
}