{
  "__type__": "cc.SpriteFrame",
  "content": {
    "name": "btn_restart",
    "atlas": "",
    "rect": {
      "x": 4,
      "y": 2,
      "width": 277,
      "height": 92
    },
    "offset": {
      "x": 0,
      "y": -0.5
    },
    "originalSize": {
      "width": 285,
      "height": 95
    },
    "rotated": false,
    "capInsets": [
      0,
      0,
      0,
      0
    ],
    "vertices": {
      "rawPosition": [
        -138.5,
        -46,
        0,
        138.5,
        -46,
        0,
        -138.5,
        46,
        0,
        138.5,
        46,
        0
      ],
      "indexes": [
        0,
        1,
        2,
        2,
        1,
        3
      ],
      "uv": [
        4,
        93,
        281,
        93,
        4,
        1,
        281,
        1
      ],
      "nuv": [
        0.014035087719298246,
        0.010526315789473684,
        0.9859649122807017,
        0.010526315789473684,
        0.014035087719298246,
        0.9789473684210527,
        0.9859649122807017,
        0.9789473684210527
      ],
      "minPos": {
        "x": -138.5,
        "y": -46,
        "z": 0
      },
      "maxPos": {
        "x": 138.5,
        "y": 46,
        "z": 0
      }
    },
    "texture": "5ddf0efa-62f1-4704-90ec-fb04ac916309@6c48a",
    "packable": true,
    "pixelsToUnit": 100,
    "pivot": {
      "x": 0.5,
      "y": 0.5
    },
    "meshType": 0
  }
}