{
  "__type__": "cc.SpriteFrame",
  "content": {
    "name": "uiLeaderBoard (6)",
    "atlas": "",
    "rect": {
      "x": 1,
      "y": 1,
      "width": 78,
      "height": 87
    },
    "offset": {
      "x": 0,
      "y": -0.5
    },
    "originalSize": {
      "width": 80,
      "height": 88
    },
    "rotated": false,
    "capInsets": [
      0,
      0,
      0,
      0
    ],
    "vertices": {
      "rawPosition": [
        -39,
        -43.5,
        0,
        39,
        -43.5,
        0,
        -39,
        43.5,
        0,
        39,
        43.5,
        0
      ],
      "indexes": [
        0,
        1,
        2,
        2,
        1,
        3
      ],
      "uv": [
        1,
        87,
        79,
        87,
        1,
        0,
        79,
        0
      ],
      "nuv": [
        0.0125,
        0,
        0.9875,
        0,
        0.0125,
        0.9886363636363636,
        0.9875,
        0.9886363636363636
      ],
      "minPos": {
        "x": -39,
        "y": -43.5,
        "z": 0
      },
      "maxPos": {
        "x": 39,
        "y": 43.5,
        "z": 0
      }
    },
    "texture": "1c78de3b-c392-48d4-bb60-7d57bfc6e2b4@6c48a",
    "packable": true,
    "pixelsToUnit": 100,
    "pivot": {
      "x": 0.5,
      "y": 0.5
    },
    "meshType": 0
  }
}