{
  "__type__": "cc.SpriteFrame",
  "content": {
    "name": "btn_play",
    "atlas": "",
    "rect": {
      "x": 7,
      "y": 3,
      "width": 362,
      "height": 120
    },
    "offset": {
      "x": -0.5,
      "y": 0
    },
    "originalSize": {
      "width": 377,
      "height": 126
    },
    "rotated": false,
    "capInsets": [
      0,
      0,
      0,
      0
    ],
    "vertices": {
      "rawPosition": [
        -181,
        -60,
        0,
        181,
        -60,
        0,
        -181,
        60,
        0,
        181,
        60,
        0
      ],
      "indexes": [
        0,
        1,
        2,
        2,
        1,
        3
      ],
      "uv": [
        7,
        123,
        369,
        123,
        7,
        3,
        369,
        3
      ],
      "nuv": [
        0.01856763925729443,
        0.023809523809523808,
        0.9787798408488063,
        0.023809523809523808,
        0.01856763925729443,
        0.9761904761904762,
        0.9787798408488063,
        0.9761904761904762
      ],
      "minPos": {
        "x": -181,
        "y": -60,
        "z": 0
      },
      "maxPos": {
        "x": 181,
        "y": 60,
        "z": 0
      }
    },
    "texture": "95552bbf-6803-4077-8fa2-17496a306a45@6c48a",
    "packable": true,
    "pixelsToUnit": 100,
    "pivot": {
      "x": 0.5,
      "y": 0.5
    },
    "meshType": 0
  }
}