{
  "__type__": "cc.SpriteFrame",
  "content": {
    "name": "btn_start",
    "atlas": "",
    "rect": {
      "x": 9,
      "y": 3,
      "width": 360,
      "height": 120
    },
    "offset": {
      "x": 0.5,
      "y": 0
    },
    "originalSize": {
      "width": 377,
      "height": 126
    },
    "rotated": false,
    "capInsets": [
      0,
      0,
      0,
      0
    ],
    "vertices": {
      "rawPosition": [
        -180,
        -60,
        0,
        180,
        -60,
        0,
        -180,
        60,
        0,
        180,
        60,
        0
      ],
      "indexes": [
        0,
        1,
        2,
        2,
        1,
        3
      ],
      "uv": [
        9,
        123,
        369,
        123,
        9,
        3,
        369,
        3
      ],
      "nuv": [
        0.023872679045092837,
        0.023809523809523808,
        0.9787798408488063,
        0.023809523809523808,
        0.023872679045092837,
        0.9761904761904762,
        0.9787798408488063,
        0.9761904761904762
      ],
      "minPos": {
        "x": -180,
        "y": -60,
        "z": 0
      },
      "maxPos": {
        "x": 180,
        "y": 60,
        "z": 0
      }
    },
    "texture": "0d2490fe-d81b-4eb5-923c-78733b662bed@6c48a",
    "packable": true,
    "pixelsToUnit": 100,
    "pivot": {
      "x": 0.5,
      "y": 0.5
    },
    "meshType": 0
  }
}