{
  "__type__": "cc.SpriteFrame",
  "content": {
    "name": "Outline",
    "atlas": "",
    "rect": {
      "x": 23,
      "y": 21,
      "width": 629,
      "height": 37
    },
    "offset": {
      "x": 0,
      "y": 5.5
    },
    "originalSize": {
      "width": 675,
      "height": 90
    },
    "rotated": false,
    "capInsets": [
      0,
      0,
      0,
      0
    ],
    "vertices": {
      "rawPosition": [
        -314.5,
        -18.5,
        0,
        314.5,
        -18.5,
        0,
        -314.5,
        18.5,
        0,
        314.5,
        18.5,
        0
      ],
      "indexes": [
        0,
        1,
        2,
        2,
        1,
        3
      ],
      "uv": [
        23,
        69,
        652,
        69,
        23,
        32,
        652,
        32
      ],
      "nuv": [
        0.034074074074074076,
        0.35555555555555557,
        0.965925925925926,
        0.35555555555555557,
        0.034074074074074076,
        0.7666666666666667,
        0.965925925925926,
        0.7666666666666667
      ],
      "minPos": {
        "x": -314.5,
        "y": -18.5,
        "z": 0
      },
      "maxPos": {
        "x": 314.5,
        "y": 18.5,
        "z": 0
      }
    },
    "texture": "7bff0507-14e2-4291-aa34-48fe02714206@6c48a",
    "packable": true,
    "pixelsToUnit": 100,
    "pivot": {
      "x": 0.5,
      "y": 0.5
    },
    "meshType": 0
  }
}