{
  "__type__": "cc.SpriteFrame",
  "content": {
    "name": "Bar",
    "atlas": "",
    "rect": {
      "x": 23,
      "y": 15,
      "width": 629,
      "height": 37
    },
    "offset": {
      "x": 0,
      "y": 2.5
    },
    "originalSize": {
      "width": 675,
      "height": 72
    },
    "rotated": false,
    "capInsets": [
      0,
      0,
      0,
      0
    ],
    "vertices": {
      "rawPosition": [
        -314.5,
        -18.5,
        0,
        314.5,
        -18.5,
        0,
        -314.5,
        18.5,
        0,
        314.5,
        18.5,
        0
      ],
      "indexes": [
        0,
        1,
        2,
        2,
        1,
        3
      ],
      "uv": [
        23,
        57,
        652,
        57,
        23,
        20,
        652,
        20
      ],
      "nuv": [
        0.034074074074074076,
        0.2777777777777778,
        0.965925925925926,
        0.2777777777777778,
        0.034074074074074076,
        0.7916666666666666,
        0.965925925925926,
        0.7916666666666666
      ],
      "minPos": {
        "x": -314.5,
        "y": -18.5,
        "z": 0
      },
      "maxPos": {
        "x": 314.5,
        "y": 18.5,
        "z": 0
      }
    },
    "texture": "4f6961d0-29c6-4c2c-bf1f-b76f7bb1aa3f@6c48a",
    "packable": true,
    "pixelsToUnit": 100,
    "pivot": {
      "x": 0.5,
      "y": 0.5
    },
    "meshType": 0
  }
}